focal,indiv,contig,contiglen,snp,bi,tri,quadri,Fit,FitWC,piS,piN,piNpiS,filename,filter,Fit_d,Fit_u,FitWC_d,FitWC_u,piS_d,piS_u,piN_d,piN_u,piNpiS_d,piNpiS_u,conserved,rejected,SNP_ns,minorAlleleFreq_ns,Dtaj_ns,SNP_s,minorAlleleFreq_s,Dtaj_s,ATtoGC_s,ATtoGCmajGC_s,ATtoGCminGC_s,ATtoGCratio_s,spid,spTrue,source,longevity,gt,sexmat,Developemental.type,gestation,gestationParentalCare,size,bodymass,juvenileSize,juvenileMass,ratioJuv,ratioJuvMass,ratioJuvSize,ratioJuvTime,ovosize,spermsize,dispersal,larvalDispersal,sociality,density,diet,sex,speed,kmh,fecundation,parentalCare,mating,fecundity,fecundityPerDay,lifeOvaNumber,biogeography,range,currentRange,repartitionconfidence,Environment,invasive,iUCN,genome.size,vertebrate,genus,subfamily,family,superfamily,suborder,order,class,superclass,phylum,custom,juvSize
Abatus_agassizi,2,2614,167,7604,7582,22,0,-0.404748,-0.268249,0.00727197,0.00212556,0.292295,galaxyResultAbatus_agassizi,200,-0.430258,-0.377973,-0.304446,-0.232468,0.006778,0.007786,0.001953,0.002308,0.272722,0.312532,7516,4610,8007,0.5,NA,9164,0.5,NA,8183,0,0,NA,Abatus_agassizi,Abatus_agassizii,Thisstudy,NA,NA,NA,brood,NA,NA,2.45,9.27857142857143,0.2,NA,0.000295503211991,NA,0.081632653061224,NA,NA,NA,NA,NA,NA,200,detri,gonochoric,slow,2.0833333333e-05,int,yes,poly,109,0.298630136986301,NA,antarctic,regional,regional,NA,marine,0,NE,NA,invertebrate,Abatus,NA,Schizasteridae,NA,NA,Spatangoida,Echinoidea,Echinozoa,Echinodermata,Echinodermata,0.199999999999999
Abatus_cordatus,8,1470,100,2989,2977,12,0,-0.0829405,-0.0257053,0.00282628,0.000829958,0.293658,galaxyResultAbatus_cordatus,200,-0.101356,-0.063194,-0.055315,0.002845,0.002567,0.00311,0.00074,0.000926,0.25559,0.335795,1470,2369,987,0.179523,-0.659706,1088,0.172668,-0.750072,990,711,239,0.74887,Abatus_cordatus,Abatus_cordatus,Thisstudy,NA,NA,1095,brood,250,250,2.77142857142857,9.27857142857143,0.2,NA,0.000375819159765,0.000375819159765,0.072164948453608,NA,1300,15,NA,NA,NA,200,detri,gonochoric,slow,2.0833333333e-05,int,yes,poly,109,0.298630136986301,NA,antarctic,endemic,endemic,NA,marine,0,NE,NA,invertebrate,Abatus,NA,Schizasteridae,NA,NA,Spatangoida,Echinoidea,Echinozoa,Echinodermata,Echinodermata,0.199999999999999
Allolobophora_chlorotica_L1,2,9445,133,87036,86146,887,3,-0.387738,-0.108575,0.0417953,0.00429348,0.102726,galaxyResultAllolobophora_chlorotica_L1,200,-0.395579,-0.379852,-0.118885,-0.098399,0.040984,0.042615,0.004151,0.004438,0.099255,0.106236,9445,21687,18727,0.321755,0.0459237,61666,0.31508,-0.0398643,54405,23561,16754,0.584423,Allolobophora_chlorotica_L1,Allolobophora_chlorotica,Thisstudy,1.25342465753425,NA,125,NA,87.5,NA,5.5,0.3,0.023809523809524,7e-04,8.1126747e-08,0.002333333333333,0.004329004329004,NA,NA,NA,NA,NA,NA,NA,detri,hermaphrodite,slow,0.0144,ext,no,poly,10,0.73972602739726,NA,palearctic,worldwide,worldwide,d,terrestrial,0,NE,1.02,invertebrate,Allolobophora,Lumbricinae,Lumbricidae,NA,Lumbricina,Haplotaxida,NA,NA,Annelida,Annelida,0.023809523809522
Allolobophora_chlorotica_L2,8,20222,50,230609,222420,8010,179,0.384759,0.437587,0.0553005,0.00513112,0.0927863,galaxyResultAllolobophora_chlorotica_L2,200,0.379062,0.390426,0.432245,0.442717,0.054739,0.055865,0.005022,0.00524,0.09052,0.09505,20222,34607,25453,0.206412,-0.171874,107296,0.214305,-0.0312485,95934,54135,36657,0.596249,Allolobophora_chlorotica_L2,Allolobophora_chlorotica,Thisstudy,1.25342465753425,NA,125,NA,87.5,NA,5.5,0.3,0.023809523809524,7e-04,8.1126747e-08,0.002333333333333,0.004329004329004,NA,NA,NA,NA,NA,NA,NA,detri,hermaphrodite,slow,0.0144,ext,no,poly,10,0.73972602739726,NA,palearctic,worldwide,worldwide,d,terrestrial,0,NE,1.02,invertebrate,Allolobophora,Lumbricinae,Lumbricidae,NA,Lumbricina,Haplotaxida,NA,NA,Annelida,Annelida,0.023809523809522
Allolobophora_chlorotica_L4,2,5852,135,47357,46880,476,1,-0.286496,0.0126396,0.0378199,0.0033035,0.0873484,galaxyResultAllolobophora_chlorotica_L4,200,-0.304187,-0.266826,-0.005966,0.031762,0.036802,0.038856,0.003155,0.003458,0.083411,0.091447,5852,17677,8959,0.320125,0.024976,35005,0.323032,0.0623479,30941,12699,9255,0.578437,Allolobophora_chlorotica_L4,Allolobophora_chlorotica,Thisstudy,1.25342465753425,NA,125,NA,87.5,NA,5.5,0.3,0.023809523809524,7e-04,8.1126747e-08,0.002333333333333,0.004329004329004,NA,NA,NA,NA,NA,NA,NA,detri,hermaphrodite,slow,0.0144,ext,no,poly,10,0.73972602739726,NA,palearctic,worldwide,worldwide,d,terrestrial,0,NE,1.02,invertebrate,Allolobophora,Lumbricinae,Lumbricidae,NA,Lumbricina,Haplotaxida,NA,NA,Annelida,Annelida,0.023809523809522
Aporrectodea_icterica,2,3281,138,21954,21810,144,0,-0.23669,0.0395112,0.0265455,0.00397339,0.149683,galaxyResultAporrectodea_icterica,200,-0.261051,-0.211645,0.005668,0.072531,0.025394,0.027741,0.003708,0.004253,0.140087,0.159612,3281,10577,6091,0.33492,0.215136,13824,0.33006,0.152675,12118,4535,3721,0.549297,Aporrectodea_icterica,Aporrectodea_icterica,Thisstudy,NA,NA,NA,NA,NA,NA,9.5,0.95,NA,NA,NA,NA,0.004329004329004,NA,NA,NA,NA,NA,NA,NA,detri,hermaphrodite,slow,0.036,ext,no,poly,10,2.67287671232877,NA,palearctic,continental,NA,d,terrestrial,0,NE,NA,invertebrate,Aporrectodea,Lumbricinae,Lumbricidae,NA,Lumbricina,Haplotaxida,NA,NA,Annelida,Annelida,0.041125541125538
Aptenodytes_patagonicus,10,2299,96,5840,5830,10,0,-0.0820884,-0.0153924,0.00263499,0.000456911,0.173402,galaxyResultAptenodytes_patagonicus,200,-0.091345,-0.072489,-0.025289,-0.005368,0.002447,0.002828,0.000417,5e-04,0.156869,0.191812,2299,2642,1818,0.106351,-1.90909,1956,0.149989,-1.1425,1863,1002,813,0.551907,Aptenodytes_patagonicus,Aptenodytes_patagonicus,Thisstudy,41,NA,1460,NA,67.5,450,90,11800,90,11800,1,1,1,NA,NA,NA,NA,NA,NA,NA,carni,gonochoric,fast,9,int,yes,monogamous,1,0.002739726027397,NA,antarctic,continental,NA,NA,marine,0,LC,NA,vertebrate,Aptenodytes,NA,Spheniscidae,NA,NA,Sphenisciformes,Aves,Gnathostomata,Chordata,Chordata,90
Armadillidium_nasatum,2,5515,193,33749,33535,214,0,-0.335308,-0.0534897,0.0185015,0.00233782,0.126358,galaxyResultArmadillidium_nasatum,200,-0.352931,-0.317229,-0.074756,-0.031639,0.01794,0.019075,0.002222,0.002457,0.120535,0.132426,5515,12240,9225,0.327859,0.124383,22489,0.323247,0.0651044,19149,7124,6473,0.523939,Armadillidium_nasatum,Armadillidium_nasatum,Thisstudy,3.41666666666667,NA,NA,NA,NA,NA,1.8,0.04,0.12,0.0027625,0.00690625,0.0690625,0.066666666666667,NA,NA,NA,NA,NA,NA,NA,detri,gonochoric,slow,0.0168,int,yes,NA,175,0.958904109589041,NA,palearctic,continental,NA,NA,terrestrial,0,NE,NA,invertebrate,Armadillidium,NA,Armadillidiidae,NA,Oniscidea,Isopoda,Malacostraca,NA,Arthropoda,Arthropoda,0.120000000000001
Armadillidium_vulgare,10,10745,108,119157,117208,1926,23,0.181566,0.247406,0.0187064,0.00193442,0.103409,galaxyResultArmadillidium_vulgare,200,0.174005,0.188843,0.239745,0.254691,0.018306,0.019106,0.001869,0.002001,0.099753,0.107137,10745,7399,20050,0.175732,-0.666437,54580,0.199447,-0.269269,46465,23274,21122,0.524229,Armadillidium_vulgare,Armadillidium_vulgare,Thisstudy,3.41666666666667,NA,90,brood,30,120,1.8,0.04,0.12,0.00027625,0.00690625,0.00690625,0.066666666666667,0.25,NA,NA,NA,NA,NA,10000,detri,gonochoric,slow,0.0168,int,yes,NA,175,0.958904109589041,NA,palearctic,NA,NA,NA,terrestrial,0,NE,1.96,invertebrate,Armadillidium,NA,Armadillidiidae,NA,Oniscidea,Isopoda,Malacostraca,NA,Arthropoda,Arthropoda,0.120000000000001
Artemia_franciscana,10,8256,74,38951,38678,270,3,0.371225,0.435482,0.01072,0.00132105,0.123232,galaxyResultArtemia_franciscana,200,0.362521,0.379918,0.4273,0.443463,0.010498,0.010952,0.001274,0.001369,0.118457,0.128212,8256,8325,8393,0.15749,-0.948389,17977,0.186168,-0.470973,15895,8065,7267,0.526036,Artemia_franciscana,Artemia_franciscana,Thisstudy,4,NA,16,pelagic,NA,NA,1,0.00406415258082,0.05,5.645371788e-06,0.000125,0.001389064922163,0.05,NA,NA,NA,NA,NA,NA,1e+06,herbi,gonochoric,fast,0.0126,int,yes,NA,200,40,NA,nearctic,NA,NA,NA,fresh,1,NE,2.91,invertebrate,Artemia,NA,Artemiidae,NA,NA,Anostraca,Branchiopoda,NA,Arthropoda,Arthropoda,0.05
Artemia_salina,2,10239,152,17335,17310,25,0,0.215484,0.52476,0.0059074,0.00103201,0.174699,galaxyResultArtemia_salina,200,0.198557,0.232918,0.510084,0.538864,0.005746,0.006071,0.000998,0.001066,0.168184,0.181394,10239,4625,6479,0.345655,0.353109,10516,0.354412,0.465677,9300,2692,2711,0.498242,Artemia_salina,Artemia_salina,Thisstudy,4,NA,14,NA,2,NA,1,0.00406415258082,0.05103,5.779257676e-06,0.000125,0.001422008047503,0.05103,0.111111111111111,NA,NA,NA,NA,NA,NA,herbi,gonochoric,fast,0.0126,int,yes,NA,200,40,NA,NA,NA,NA,NA,fresh,0,NE,2.91,invertebrate,Artemia,NA,Artemiidae,NA,NA,Anostraca,Branchiopoda,NA,Arthropoda,Arthropoda,0.05103
Artemia_sinica,2,8865,143,13527,13507,20,0,-0.350017,-0.0648536,0.00492781,0.00108834,0.220858,galaxyResultArtemia_sinica,200,-0.361969,-0.337264,-0.083068,-0.046029,0.004758,0.005099,0.001047,0.00113,0.211962,0.230411,8865,4979,5779,0.30732,-0.139608,7410,0.317476,-0.0090669,6532,2444,2318,0.51323,Artemia_sinica,Artemia_sinica,Thisstudy,4,NA,14,NA,NA,NA,1,0.00406415258082,0.05103,5.779257676e-06,0.000125,0.001422008047503,0.05103,NA,NA,NA,NA,NA,NA,NA,herbi,gonochoric,fast,0.0126,int,yes,NA,200,40,NA,NA,NA,NA,NA,fresh,0,NE,2.91,invertebrate,Artemia,NA,Artemiidae,NA,NA,Anostraca,Branchiopoda,NA,Arthropoda,Arthropoda,0.05103
Artemia_tibetana,2,9018,141,14589,14570,19,0,-0.328973,-0.0619925,0.00535856,0.00114567,0.213801,galaxyResultArtemia_tibetana,200,-0.342733,-0.314857,-0.080476,-0.043364,0.005164,0.005556,0.0011,0.00119,0.205163,0.222679,9018,5305,6038,0.311982,-0.0796788,8108,0.316693,-0.0191308,7063,2692,2483,0.520193,Artemia_tibetana,Artemia_tibetana,Thisstudy,4,NA,14,NA,NA,NA,1,0.00406415258082,0.05103,5.779257676e-06,0.000125,0.001422008047503,0.05103,NA,NA,NA,NA,NA,NA,NA,herbi,gonochoric,fast,0.0126,int,yes,NA,200,40,NA,NA,NA,NA,NA,fresh,0,NE,2.91,invertebrate,Artemia,NA,Artemiidae,NA,NA,Anostraca,Branchiopoda,NA,Arthropoda,Arthropoda,0.05103
Bostrycapulus_aculeatus,2,3025,137,53288,52083,1193,12,0.112839,0.430603,0.0834581,0.00687903,0.082425,galaxyResultBostrycapulus_aculeatus,200,0.09742,0.128356,0.417407,0.443848,0.081728,0.085244,0.006544,0.007226,0.077948,0.0872,3025,2666,8825,0.366459,0.620509,39566,0.326827,0.111126,35471,17016,7654,0.689745,Bostrycapulus_aculeatus,Bostrycapulus_aculeatus,Thisstudy,NA,NA,NA,NA,NA,NA,2.5,NA,0.084,NA,3.7933056e-05,NA,0.0336,NA,NA,NA,NA,NA,NA,NA,herbi,hermaphrodite,fix,0,int,yes,NA,25,NA,NA,NA,NA,NA,NA,marine,0,NE,NA,invertebrate,Bostrycapulus,NA,Calyptraeidae,Calyptraeoidea,NA,NA,Gastropoda,NA,Mollusca,Mollusca,0.084
Caenorhabditis_brenneri,10,972,65,10574,10334,237,3,0.0546244,0.159726,0.032215,0.0012752,0.039584,galaxyResultCaenorhabditis_brenneri,200,0.030289,0.079476,0.128795,0.191255,0.029576,0.034985,0.001065,0.00151,0.033999,0.045366,972,2135,759,0.150913,-1.06814,5805,0.178301,-0.606413,5357,3152,2025,0.608777,Caenorhabditis_brenneri,Caenorhabditis_brenneri,Thisstudy,0.16,NA,3,NA,0.604166666666667,NA,0.1457,5.122265625e-06,0.0052,NA,4.5460203511e-05,NA,0.035689773507207,0.201388888888889,NA,NA,NA,NA,NA,NA,detri,gonochoric,slow,0.0018,int,no,NA,1400,77.7777777777778,NA,neotropic,NA,NA,NA,terrestrial,0,NE,0.1,invertebrate,Caenorhabditis,Peloderinae,Rhabditidae,Rhabditoidea,NA,Rhabditida,Chromadorea,NA,Nematoda,Nematoda,0.00520000000000006
Caenorhabditis_sp.10,2,1821,89,11329,11223,106,0,-0.444104,-0.15632,0.049318,0.00252804,0.0512601,galaxyResultCaenorhabditis_sp10,200,-0.458211,-0.42961,-0.177773,-0.134894,0.046885,0.051784,0.002283,0.002786,0.046444,0.056499,1821,3792,1494,0.298025,-0.258996,9249,0.313169,-0.0644304,8365,3455,2797,0.552623,Caenorhabditis_sp10,Caenorhabditis_sp10,Thisstudy,0.16,NA,3,NA,NA,NA,0.1457,5.122265625e-06,0.0052,NA,0.015625,NA,0.035689773507207,NA,NA,NA,NA,NA,NA,NA,detri,gonochoric,slow,0.0018,int,no,NA,1400,77.7777777777778,NA,NA,NA,NA,NA,terrestrial,0,NE,NA,invertebrate,Caenorhabditis,Peloderinae,Rhabditidae,Rhabditoidea,NA,Rhabditida,Chromadorea,NA,Nematoda,Nematoda,0.00520000000000006
Callithrix_jacchus,4,2550,109,1288,1288,0,0,-0.181914,-0.196721,0.0015103,0.00029732,0.196861,galaxyResultCallithrix_jacchus,200,-0.208939,-0.154143,-0.247161,-0.144589,0.001358,0.001668,0.000258,0.000337,0.170651,0.225162,2550,7791,504,0.238343,-0.280237,748,0.228108,-0.350225,678,341,252,0.575042,Callithrix_jacchus,Callithrix_jacchus,Perryetal.2012,22.8,NA,477,brood,144,NA,13.5,255.2,NA,86.67,0.339615987460815,0.339615987460815,0.697690338267635,NA,NA,NA,NA,NA,NA,NA,herbi,gonochoric,fast,40,int,yes,NA,2,0.010958904109589,NA,neotropic,NA,NA,NA,terrestrial,1,LC,3.43,vertebrate,Callithrix,Callitrichinae,Cebidae,NA,Haplorrhini,Primates,Mammalia,Gnathostomata,Chordata,Chordata,9.41881956661307
Camponotus_aethiops,2,7064,257,12524,12517,7,0,-0.334095,-0.258939,0.00332756,0.000763558,0.229465,galaxyResultCamponotus_aethiops,200,-0.350669,-0.316928,-0.290262,-0.226425,0.003117,0.003547,0.000701,0.000828,0.217622,0.241755,7064,5055,5053,0.362507,0.569695,6570,0.347298,0.374229,6229,2593,1241,0.676317,Camponotus_aethiops,Camponotus_aethiops,Thisstudy,26,NA,NA,NA,NA,NA,1.4,NA,1.3,NA,1,1,1,NA,NA,NA,NA,NA,NA,NA,carni,gonochoric,fast,3.6,int,NA,NA,97,0.265753424657534,NA,NA,NA,NA,NA,terrestrial,0,NE,NA,invertebrate,Camponotus,Formicinae,Formicidae,Vespoidea,Aculeata,Hymenoptera,Insecta,Hexapoda,Arthropoda,Arthropoda,1.4
Camponotus_ligniperdus,4,5333,173,4462,4453,9,0,-0.126582,-0.2279,0.00164517,0.000411326,0.250021,galaxyResultCamponotus_ligniperdus_4indiv,200,-0.149605,-0.104221,-0.267732,-0.185716,0.001501,0.00181,0.000364,0.000463,0.230129,0.270579,NA,NA,NA,NA,NA,NA,NA,NA,NA,NA,NA,NA,Camponotus_ligniperdus_4indiv,Camponotus_ligniperdus,Thisstudy,26,NA,NA,NA,NA,NA,1.9,NA,1.8,NA,1,1,1,NA,NA,NA,NA,NA,NA,NA,carni,gonochoric,fast,3.6,int,NA,NA,97,0.265753424657534,NA,NA,NA,NA,NA,terrestrial,0,NE,NA,invertebrate,Camponotus,Formicinae,Formicidae,Vespoidea,Aculeata,Hymenoptera,Insecta,Hexapoda,Arthropoda,Arthropoda,1.9
Carcinus_aestuarii,2,5064,192,14927,14889,38,0,-0.38022,-0.140233,0.00871331,0.0011467,0.131604,galaxyResultCarcinus_aestuarii,200,-0.396004,-0.364268,-0.161913,-0.118586,0.008339,0.00909,0.001072,0.001227,0.122697,0.141103,5064,10141,4118,0.334871,0.214496,10028,0.32868,0.134931,9054,3978,2261,0.637602,Carcinus_aestuarii,Carcinus_aestuarii,Thisstudy,7,NA,365,NA,NA,NA,2.79,8.05405405405406,0.136,NA,NA,NA,0.048745519713262,NA,NA,NA,NA,NA,NA,NA,carni,gonochoric,fast,1.8,int,yes,NA,126969,347.860273972603,NA,NA,NA,NA,NA,marine,0,NE,1.24,invertebrate,Carcinus,NA,Carcinidae,Portunoidea,Pleocyemata,Decapoda,Malacostraca,NA,Arthropoda,Arthropoda,0.136000000000001
Chelonoidis_nigra,5,1805,103,1759,1757,2,0,-0.145195,-0.104151,0.00163381,0.000612667,0.374993,galaxyResultChelonoidis_nigra,200,-0.159673,-0.130353,-0.134841,-0.074568,0.001481,0.001799,0.000562,0.000663,0.334997,0.418485,1805,7838,1051,0.138059,-1.5251,678,0.181121,-0.853084,624,235,346,0.404475,Chelonoidis_nigra,Chelonoidis_nigra,Thisstudy,177,NA,8212.5,NA,165,NA,110,175000,6.7,119.5,0.000682857142857,0.000682857142857,0.060909090909091,NA,NA,NA,NA,NA,NA,NA,herbi,gonochoric,fast,0.3,int,yes,NA,10,0.027397260273973,NA,ecuador,NA,NA,NA,terrestrial,0,EN,3.34,vertebrate,Chelonoidis,NA,Testudinidae,Testudinoidea,Cryptodira,Testudines,NA,Gnathostomata,Chordata,Chordata,6.70000000000001
Chlorocebus_aethiops,4,2983,118,3758,3752,6,0,-0.154484,-0.123344,0.00349159,0.000620227,0.177634,galaxyResultChlorocebus_aethiops,200,-0.174938,-0.132716,-0.155039,-0.092694,0.003265,0.003728,0.000559,0.000684,0.162035,0.193863,2983,9266,1346,0.223997,-0.454692,2279,0.218736,-0.487652,2130,1083,822,0.568504,Chlorocebus_aethiops,Chlorocebus_aethiops,Perryetal.2012,30.08,NA,1034,brood,162,NA,50,5620,NA,1036,0.184341637010676,0.184341637010676,0.569125196521413,NA,NA,NA,NA,NA,NA,NA,omni,gonochoric,fast,45,int,yes,NA,1,0.002739726027397,NA,ethiopy,NA,NA,NA,terrestrial,0,LC,4.16,vertebrate,Chlorocebus,Cercopithecinae,Cercopithecidae,Cercopithecoidea,Haplorrhini,Primates,Mammalia,Gnathostomata,Chordata,Chordata,28.4562598260706
Ciona_intestinalis_A,10,2989,72,13922,13802,120,0,-0.030003,0.0578054,0.0153244,0.00167996,0.109627,galaxyResultCiona_intestinalis_A,200,-0.042637,-0.016844,0.044985,0.070923,0.014743,0.015901,0.001574,0.001787,0.102121,0.117692,2989,5175,2192,0.198361,-0.298434,5798,0.219591,0.0632882,5135,2652,2189,0.547819,Ciona_intestinalis_A,Ciona_intestinalis,Thisstudy,3,365,365,lecithotrophioviparous,NA,NA,15.5,29.714,0.016,2.143573333e-06,1.09993e-09,7.2140181e-08,0.001032258064516,NA,NA,NA,0,550,gregarious,NA,herbi,hermaphrodite,fix,0,ext,no,NA,2500,1000,NA,NA,NA,NA,NA,marine,1,NE,0.2,invertebrate,Ciona,NA,Cionidae,NA,Phlebobranchia,Enterogona,Ascidiacea,NA,Chordata,Ascidiacea,0.015999999999998
Ciona_intestinalis_B,10,2722,74,42351,40639,1661,51,0.0104694,0.109717,0.0533579,0.00297222,0.0557034,galaxyResultCiona_intestinalis_B,200,0.001417,0.019679,0.101374,0.118238,0.051616,0.055097,0.002811,0.003136,0.052355,0.059135,2722,3069,3897,0.167125,-0.813382,18243,0.200103,-0.255636,15990,8142,7141,0.532731,Ciona_intestinalis_B,Ciona_intestinalis,Thisstudy,3,NA,365,NA,NA,NA,15.5,29.714,0.016,2.143573333e-06,1.09993e-09,7.2140181e-08,0.001032258064516,NA,NA,NA,NA,NA,NA,NA,herbi,hermaphrodite,fix,0,ext,no,NA,2500,1000,NA,NA,NA,NA,NA,marine,1,NE,0.2,invertebrate,Ciona,NA,Cionidae,NA,Phlebobranchia,Enterogona,Ascidiacea,NA,Chordata,Ascidiacea,0.015999999999998
Crepidula_fornicata,8,2858,115,31384,30795,580,9,-0.0229741,0.144093,0.0225892,0.0019975,0.0884274,galaxyResultCrepidula_fornicata,200,-0.035645,-0.009846,0.12368,0.164835,0.021733,0.02347,0.001887,0.002109,0.082766,0.094387,2858,4460,4330,0.160904,-0.939574,17523,0.158905,-0.92278,15721,11046,4326,0.718589,Crepidula_fornicata,Crepidula_fornicata,Thisstudy,10,1.5,365,planktotrophic,6.5,NA,3.5,2.10218,0.0182,NA,1.40608e-07,NA,0.0052,NA,170,NA,55,10000,gregarious,4770,herbi,hermaphrodite,fix,0,int,NA,NA,2e+05,547.945205479452,NA,NA,NA,NA,NA,marine,1,NE,NA,invertebrate,Crepidula,NA,Calyptraeidae,Calyptraeoidea,NA,NA,Gastropoda,NA,Mollusca,Mollusca,0.0182
Crepidula_plana,2,1651,166,11518,11413,105,0,-0.391793,-0.0894611,0.0250816,0.0025782,0.102792,galaxyResultCrepidula_plana,200,-0.407319,-0.376226,-0.114577,-0.065068,0.023739,0.026468,0.002356,0.002811,0.093495,0.112758,1651,1868,2570,0.331712,0.17388,8346,0.3156,-0.0331805,7532,3794,1759,0.683234,Crepidula_plana,Crepidula_plana,Thisstudy,2,NA,NA,NA,21,NA,1,NA,0.0136,NA,2.515456e-06,NA,0.0136,NA,NA,NA,NA,NA,NA,NA,herbi,hermaphrodite,fix,0,int,NA,NA,200,3.28767123287671,NA,NA,NA,NA,NA,marine,0,NE,NA,invertebrate,Crepidula,NA,Calyptraeidae,Calyptraeoidea,NA,NA,Gastropoda,NA,Mollusca,Mollusca,0.0136
Culex_hortensis,2,13133,90,58034,57439,591,4,-0.336998,0.000231031,0.0327737,0.00172608,0.0526667,galaxyResultCulex_hortensis,200,-0.342976,-0.331215,-0.005855,0.006493,0.032262,0.033283,0.001671,0.001781,0.050933,0.054423,13133,2964,8251,0.286511,-0.407069,47793,0.292077,-0.335539,41460,22812,11743,0.660165,Culex_hortensis,Culex_hortensis,Thisstudy,0.205479452054794,NA,NA,NA,NA,NA,0.5,0.0025,0.08,NA,0.004096,NA,0.16,NA,NA,NA,NA,NA,NA,NA,carni,gonochoric,fast,2,int,NA,NA,300,100,NA,NA,NA,NA,NA,fresh,0,NE,NA,invertebrate,Culex,Culicinae,Culicidae,Culicoidea,Nematocera,Diptera,Insecta,Hexapoda,Arthropoda,Arthropoda,0.08
Culex_pipiens,10,3290,111,84967,82177,2731,59,0.352378,0.418858,0.0412972,0.00112016,0.0271243,galaxyResultCulex_pipiens_ref,200,0.3397,0.364988,0.40856,0.429486,0.04021,0.042426,0.001046,0.001198,0.025333,0.029012,3290,2323,4165,0.179497,-0.693197,48002,0.188689,-0.497061,42403,30641,9573,0.761944,Culex_pipiens_ref,Culex_pipiens,Thisstudy,0.205479452054794,NA,20.75,NA,10.5,NA,0.5,0.0025,0.08,NA,0.004096,NA,0.16,NA,NA,NA,NA,NA,NA,NA,carni,gonochoric,fast,2,int,NA,NA,300,100,NA,nearctipalearctic,NA,NA,NA,fresh,0,NE,0.7,invertebrate,Culex,Culicinae,Culicidae,Culicoidea,Nematocera,Diptera,Insecta,Hexapoda,Arthropoda,Arthropoda,0.08
Culex_torrentium,2,10630,126,34825,34681,144,0,-0.339521,-0.0185666,0.0163186,0.0012241,0.0750124,galaxyResultCulex_torrentium,200,-0.348183,-0.331053,-0.027913,-0.009446,0.016021,0.016618,0.001185,0.001262,0.072403,0.07759,10630,3031,6814,0.29333,-0.319418,27206,0.308471,-0.124824,23923,12967,5380,0.706764,Culex_torrentium,Culex_torrentium,Thisstudy,0.205479452054794,NA,NA,NA,NA,NA,0.5,0.0025,0.08,NA,0.004096,NA,0.16,NA,NA,NA,NA,NA,NA,NA,carni,gonochoric,fast,2,int,NA,NA,300,100,NA,NA,NA,NA,NA,fresh,0,NE,NA,invertebrate,Culex,Culicinae,Culicidae,Culicoidea,Nematocera,Diptera,Insecta,Hexapoda,Arthropoda,Arthropoda,0.08
Cystodytes_dellechiajei_blue,2,12704,180,142132,141086,1044,2,0.575884,0.730887,0.0356235,0.00596127,0.167341,galaxyResultCystodites_dellechiajei_blue,200,0.568046,0.583531,0.724626,0.73707,0.035263,0.035994,0.005842,0.00608,0.163796,0.170944,12704,15392,46256,0.406434,1.13436,85837,0.402594,1.08502,76476,17658,12132,0.592749,Cystodites_dellechiajei_blue,Cystodytes_dellechiajei,Thisstudy,NA,NA,365,NA,NA,NA,0.5,0.000903225806452,0.1,0.000709677419355,0.008,0.785714285714286,0.2,NA,NA,NA,NA,NA,NA,NA,NA,hermaphrodite,fix,0,int,NA,NA,1,NA,NA,NA,NA,NA,NA,marine,0,NE,NA,invertebrate,Cystodytes,NA,Polycitoridae,NA,Aplousobranchia,Enterogona,Ascidiacea,NA,Chordata,Ascidiacea,0.1
Cystodytes_dellechiajei_purple,5,9322,99,109045,106712,2306,27,0.550197,0.600973,0.0423533,0.00565209,0.133451,galaxyResultCystodites_dellechiajei_purple,200,0.543304,0.556971,0.594045,0.607967,0.041903,0.0428,0.005527,0.005782,0.130123,0.13692,9322,26792,28665,0.209677,-0.150725,69061,0.212231,-0.128229,61389,33841,25513,0.570155,Cystodites_dellechiajei_purple,Cystodytes_dellechiajei,Thisstudy,NA,NA,365,NA,NA,NA,0.5,0.000903225806452,0.1,0.000709677419355,0.008,0.785714285714286,0.2,NA,NA,NA,NA,NA,NA,NA,NA,hermaphrodite,fix,0,int,NA,NA,1,NA,NA,NA,NA,NA,NA,marine,0,NE,NA,invertebrate,Cystodytes,NA,Polycitoridae,NA,Aplousobranchia,Enterogona,Ascidiacea,NA,Chordata,Ascidiacea,0.1
Echinocardium_cordatum_B2,7,8608,71,121585,116540,4900,145,-0.073714,0.0227751,0.0523593,0.00348659,0.0665897,galaxyResultEchinocardium_cordatum_B2,200,-0.078149,-0.06917,0.018205,0.027341,0.051427,0.053263,0.003381,0.003595,0.064301,0.068992,8608,16505,12088,0.158076,-0.99526,62131,0.177128,-0.65323,55494,38382,15263,0.715485,Echinocardium_cordatum_B2,Echinocardium_cordatum,Thisstudy,10,NA,912.5,planktotrophic,NA,NA,6.5,38,0.0075,2.2078125e-07,4.62963e-09,5.810033e-09,0.001153846153846,NA,NA,NA,5500,NA,gregarious,NA,detri,gonochoric,slow,2.0833333333e-05,ext,NA,NA,1e+06,2739.72602739726,NA,NA,NA,NA,NA,marine,0,NE,1.3,invertebrate,Echinocardium,NA,Loveniidae,NA,NA,Spatangoida,Echinoidea,Echinozoa,Echinodermata,Echinodermata,0.007499999999999
Echinocardium_mediterraneum,7,7232,100,64653,63636,1002,15,-0.079221,0.00932114,0.0210419,0.00215052,0.102202,galaxyResultEchinocardium_mediterraneum,200,-0.085728,-0.07241,0.002482,0.016118,0.020576,0.021509,0.002072,0.002227,0.098088,0.106356,7232,14491,10361,0.151079,-1.10891,30412,0.184776,-0.526322,27268,18656,7591,0.710793,Echinocardium_mediterraneum,Echinocardium_mediterraneum,Thisstudy,10,NA,NA,NA,NA,NA,4.5,38,0.0075,2.2078125e-07,4.62963e-09,5.810033e-09,0.001666666666667,NA,NA,NA,NA,NA,NA,NA,detri,gonochoric,slow,2.0833333333e-05,ext,NA,NA,1e+06,2739.72602739726,NA,NA,NA,NA,NA,marine,0,NE,NA,invertebrate,Echinocardium,NA,Loveniidae,NA,NA,Spatangoida,Echinoidea,Echinozoa,Echinodermata,Echinodermata,0.0075000000000015
Emys_orbicularis,10,2029,76,3402,3386,16,0,0.261504,0.344851,0.00411023,0.000553684,0.134709,galaxyResultEmys_orbicularis,200,0.234218,0.288965,0.318224,0.371674,0.003806,0.004434,0.000491,0.000617,0.117371,0.15315,2029,2534,829,0.173549,-0.691663,1453,0.214763,-0.00248166,1347,852,422,0.668549,Emys_orbicularis,Emys_orbicularis,Thisstudy,120,NA,2007.5,NA,95,NA,25,977,2,9,0.000512,0.00921187308086,0.08,NA,NA,NA,NA,NA,NA,NA,carni,gonochoric,fast,0.3,int,NA,NA,16,0.087671232876712,NA,palearctic,NA,NA,NA,terrestrial,0,NT,2.6,vertebrate,Emys,NA,Emydidae,Testudinoidea,Cryptodira,Testudines,NA,Gnathostomata,Chordata,Chordata,2
Eudyptes_filholi,4,1497,159,2749,2742,7,0,-0.152215,-0.0291077,0.00424895,0.000537389,0.126476,galaxyResultEudyptes_filholi,200,-0.173325,-0.1298,-0.051786,-0.00667,0.003905,0.004605,0.000487,0.000587,0.112621,0.141073,1497,5711,807,0.197181,-0.707712,1825,0.219795,-0.401232,1746,1019,592,0.632526,Eudyptes_filholi,Eudyptes_filholi,Thisstudy,29,NA,1460,NA,33,NA,55,2500,NA,2500,1,1,1,NA,NA,NA,NA,NA,NA,NA,carni,gonochoric,fast,7.4,int,NA,NA,2,0.005479452054795,6,NA,NA,NA,NA,marine,0,VU,NA,vertebrate,Eudyptes,NA,Spheniscidae,NA,NA,Sphenisciformes,Aves,Gnathostomata,Chordata,Chordata,55
Eudyptes_moseleyi,4,1839,146,2331,2330,1,0,-0.126559,-0.0208097,0.00296217,0.000453794,0.153196,galaxyResultEudyptes_moseleyi,200,-0.153244,-0.099043,-0.053842,0.011084,0.002735,0.003198,0.000413,0.000495,0.13795,0.170432,1839,7533,834,0.188249,-0.948928,1398,0.23319,-0.209495,1325,735,463,0.613523,Eudyptes_moseleyi,Eudyptes_moseleyi,Thisstudy,29,NA,1460,NA,33,NA,55,2500,NA,2500,1,1,1,NA,NA,NA,NA,NA,gregarious,NA,carni,gonochoric,fast,7.4,int,NA,NA,2,0.005479452054795,NA,newzealand,NA,NA,NA,marine,0,EN,NA,vertebrate,Eudyptes,NA,Spheniscidae,NA,NA,Sphenisciformes,Aves,Gnathostomata,Chordata,Chordata,55
Eulemur_coronatus,4,2700,111,2765,2763,2,0,-0.148037,-0.136938,0.0034089,0.000556144,0.163145,galaxyResultEulemur_coronatus,200,-0.173627,-0.121151,-0.18274,-0.09045,0.003173,0.003656,0.000493,0.000622,0.14614,0.181598,2700,7904,962,0.255717,-0.0278142,1724,0.249202,-0.0355564,1599,859,509,0.627924,Eulemur_coronatus,Eulemur_coronatus,Perryetal.2012,27,NA,608,NA,126,NA,34,2500,NA,NA,NA,NA,0.923763481948411,NA,NA,NA,NA,NA,NA,NA,herbi,gonochoric,fast,20,int,NA,NA,1.5,0.004109589041096,NA,ethiopian,NA,NA,NA,terrestrial,0,VU,3.59,vertebrate,Eulemur,NA,Lemuridae,NA,Strepsirrhini,Primates,Mammalia,Gnathostomata,Chordata,Chordata,31.407958386246
Eulemur_mongoz,4,2566,109,2215,2209,6,0,-0.0904069,-0.081701,0.00296415,0.000472021,0.159243,galaxyResultEulemur_mongoz,200,-0.126284,-0.054491,-0.140449,-0.021831,0.002723,0.003208,0.000415,0.000532,0.142355,0.17797,2566,6742,738,0.265752,0.105827,1408,0.248491,-0.0411951,1304,662,462,0.588968,Eulemur_mongoz,Eulemur_mongoz,Perryetal.2012,36.2,NA,796,NA,128,NA,35,2060,NA,NA,NA,NA,0.923763481948411,NA,NA,NA,NA,NA,NA,NA,herbi,gonochoric,fast,20,int,NA,NA,1.1,0.003013698630137,NA,ethiopian,NA,NA,NA,terrestrial,0,VU,NA,vertebrate,Eulemur,NA,Lemuridae,NA,Strepsirrhini,Primates,Mammalia,Gnathostomata,Chordata,Chordata,32.3317218681944
Eunicella_cavolinii,8,7170,51,23417,23187,227,3,0.240755,0.304238,0.01249,0.00160645,0.128618,galaxyResultEunicella_cavolinii,200,0.229196,0.252269,0.29402,0.31465,0.01217,0.01282,0.001537,0.001678,0.12232,0.135242,7170,14686,4399,0.160902,-0.884224,9998,0.171079,-0.718562,9008,4267,4487,0.487453,Eunicella_cavolinii,Eunicella_cavolinii,Thisstudy,100,NA,NA,NA,NA,NA,30,NA,0.25,NA,3.5126422e-08,NA,0.008333333333333,NA,NA,NA,NA,NA,NA,NA,herbi,hermaphrodite,fix,0,int,NA,NA,12093.2,33.1320547945206,NA,NA,NA,NA,NA,marine,0,NE,NA,invertebrate,Eunicella,NA,Gorgoniidae,NA,Holaxonia,Alcyonacea,Anthozoa,NA,Cnidaria,Cnidaria,0.24999999999999
Eunicella_verrucosa,2,12040,103,31628,31497,131,0,-0.320518,-0.0109251,0.0146539,0.00185025,0.126263,galaxyResultEunicella_verrucosa,200,-0.330387,-0.310418,-0.022251,0.000233,0.014351,0.014949,0.001793,0.001907,0.122252,0.130439,12040,8559,9331,0.31323,-0.063645,21257,0.314355,-0.0491846,19140,7068,7154,0.496977,Eunicella_verrucosa,Eunicella_verrucosa,Thisstudy,100,NA,NA,lecithotrophic,NA,NA,37.5,NA,0.25,NA,1.953125e-06,NA,0.006666666666667,NA,NA,NA,NA,550,colonial,NA,herbi,hermaphrodite,fix,0,ext,NA,NA,12093.2,33.1320547945206,NA,NA,NA,NA,NA,marine,0,VU,NA,invertebrate,Eunicella,NA,Gorgoniidae,NA,Holaxonia,Alcyonacea,Anthozoa,NA,Cnidaria,Cnidaria,0.250000000000012
Galago_senegalensis,4,1522,74,1324,1322,2,0,-0.195637,-0.133047,0.00392943,0.000623907,0.158778,galaxyResultGalago_senegalensis,200,-0.225434,-0.16546,-0.180972,-0.082112,0.003517,0.004367,0.000534,0.00072,0.136716,0.182698,1522,3605,448,0.211496,-0.590183,823,0.210055,-0.606606,760,391,304,0.56259,Galago_senegalensis,Galago_senegalensis,Perryetal.2012,17.1,NA,240,NA,126,NA,13,192.2,NA,100,0.520291363163372,0.520291363163372,0.804295314877201,NA,NA,NA,NA,NA,NA,NA,omni,gonochoric,fast,20,int,NA,polygynous,1.5,0.008219178082192,NA,ethiopian,NA,NA,NA,terrestrial,0,LC,4.075,vertebrate,Galago,NA,Galagidae,NA,Strepsirrhini,Primates,Mammalia,Gnathostomata,Chordata,Chordata,10.4558390934036
Halictus_scabiosae,11,3287,99,3779,3775,4,0,-0.0349215,0.0275652,0.00211062,0.000260425,0.123388,galaxyResultHalictus_scabiosae,200,-0.050379,-0.018858,0.002605,0.052536,0.001952,0.002267,0.000231,0.000291,0.108795,0.139135,3287,2573,847,0.198845,-0.337172,1753,0.219724,0.0381206,1638,1019,523,0.660749,Halictus_scabiosae,Halictus_scabiosae,Thisstudy,1,NA,NA,NA,NA,NA,1.5,0.0930228,NA,NA,1,1,1,NA,NA,NA,NA,NA,NA,NA,herbi,gonochoric,fast,32.19,int,NA,NA,11,NA,NA,NA,NA,NA,NA,terrestrial,0,NE,NA,invertebrate,Halictus,Halictinae,Halictidae,Apoidea,Aculeata,Hymenoptera,Insecta,Hexapoda,Arthropoda,Arthropoda,1.5
Hippocampus_guttulatus,6,9678,109,7099,7093,6,0,-0.0187697,0.12962,0.00162526,0.000384113,0.236339,galaxyResultHippocampus_guttulatus,200,-0.031451,-0.006101,0.109894,0.149014,0.001551,0.0017,0.000365,0.000403,0.222634,0.250655,9272,12144,860,0.195736,-0.346465,1219,0.218075,0.0341816,1102,688,345,0.666021,Hippocampus_guttulatus,Hippocampus_guttulatus,Thisstudy,7,NA,365,brood,21,NA,13.25,4.76285664168918,1.2,0.001454925645727,0.000742841405993,0.000305473323088,0.090566037735849,NA,NA,NA,55,NA,solitary,NA,carni,gonochoric,fast,NA,int,NA,NA,214,2.46575342465753,NA,NA,NA,NA,NA,marine,0,DD,3.75,invertebrate,Hippocampus,Hippocampinae,Syngnathidae,Syngnathoidea,NA,Syngnathiformes,Actinopterygii,Gnathostomata,Chordata,Chordata,1.2
Hippocampus_hippocampus,2,11697,204,20906,20878,28,0,-0.32984,-0.0534427,0.00402748,0.000861628,0.213937,galaxyResultHippocampus_hippocampus,200,-0.339569,-0.319915,-0.067369,-0.040091,0.003933,0.004124,0.000831,0.000894,0.206414,0.221868,11697,10498,8161,0.310562,-0.097932,11839,0.307754,-0.134031,10687,5996,2222,0.729618,Hippocampus_hippocampus,Hippocampus_hippocampus,Thisstudy,7,NA,NA,NA,NA,NA,10,1.84501541917947,1.2,NA,NA,NA,0.12,NA,NA,NA,NA,NA,NA,NA,carni,gonochoric,fast,NA,int,NA,NA,250,2.46575342465753,NA,NA,NA,NA,NA,marine,0,DD,NA,invertebrate,Hippocampus,Hippocampinae,Syngnathidae,Syngnathoidea,NA,Syngnathiformes,Actinopterygii,Gnathostomata,Chordata,Chordata,1.2
Hippocampus_kuda,2,17078,271,14052,14032,20,0,-0.576921,-0.417884,0.00118422,0.000410586,0.346715,galaxyResultHippocampus_kuda,200,-0.588196,-0.565628,-0.434457,-0.400749,0.001134,0.001236,0.000394,0.000427,0.332198,0.361706,17078,6307,6720,0.35971,0.533752,6116,0.366089,0.615737,5467,1605,1331,0.546662,Hippocampus_kuda,Hippocampus_kuda,Thisstudy,7,NA,NA,brood,NA,NA,12,3.41067862286015,0.7,0.000236581289629,0.00019849537037,6.9364873033e-05,0.058333333333333,NA,NA,NA,NA,NA,NA,NA,carni,gonochoric,fast,NA,int,NA,NA,510,2.46575342465753,NA,NA,NA,NA,NA,marine,0,VU,NA,invertebrate,Hippocampus,Hippocampinae,Syngnathidae,Syngnathoidea,NA,Syngnathiformes,Actinopterygii,Gnathostomata,Chordata,Chordata,0.699999999999996
Homo_sapiens,4,2671,118,1935,1930,5,0,-0.136974,-0.124156,0.00177813,0.000422885,0.237826,galaxyResultHomo_sapiens,200,-0.16604,-0.107866,-0.169656,-0.075499,0.00162,0.001946,0.000373,0.000478,0.211899,0.266413,2671,8214,829,0.221653,-0.492767,1035,0.220773,-0.510234,951,482,337,0.588523,Homo_sapiens,Homo_sapiens,Perryetal.2012,122.5,NA,4745,NA,280,NA,162.56,62035,NA,11750,0.189409204481341,0.189409204481341,0.574293225603088,NA,NA,NA,NA,NA,gregarious,NA,omni,gonochoric,fast,40,int,NA,NA,1,0.001564945226917,NA,worldwide,NA,NA,NA,terrestrial,1,LC,3.5,vertebrate,Homo,Homininae,Hominidae,Hominoidea,Haplorrhini,Primates,Mammalia,Gnathostomata,Chordata,Chordata,93.357106754038
Leptogorgia_sarmentosa,2,13702,97,45353,45074,279,0,-0.313137,0.0105911,0.0207234,0.002104,0.101528,galaxyResultLeptogorgia_sarmentosa,200,-0.321545,-0.304816,0.001905,0.019322,0.020385,0.021053,0.002048,0.00216,0.098484,0.104668,13702,4412,11364,0.309376,-0.113182,32379,0.312085,-0.0783663,28506,10780,10595,0.504327,Leptogorgia_sarmentosa,Leptogorgia_sarmentosa,Thisstudy,NA,NA,NA,NA,NA,NA,40,NA,0.019,NA,NA,NA,0.000475,NA,NA,NA,NA,NA,NA,NA,NA,gonochoric,fix,0,int,NA,NA,NA,NA,NA,NA,NA,NA,NA,marine,0,NE,NA,invertebrate,Leptogorgia,NA,Gorgoniidae,NA,Holaxonia,Alcyonacea,Anthozoa,NA,Cnidaria,Cnidaria,0.019
Lepus_granatensis,10,2504,85,4770,4741,28,1,-0.0431106,0.022117,0.00397721,0.000512409,0.128836,galaxyResultLepus_granatensis,200,-0.060454,-0.02481,0.000662,0.042612,0.003685,0.004283,0.000449,0.000583,0.113435,0.145887,2504,2436,1143,0.171237,-0.78716,2224,0.199608,-0.290882,2105,1386,618,0.691617,Lepus_granatensis,Lepus_granatensis,Thisstudy,18,NA,300,brood,43,NA,45.9,2323.94,NA,800,0.344242966685887,0.344242966685887,0.689410276471614,NA,NA,NA,NA,NA,NA,NA,herbi,gonochoric,fast,56,int,NA,NA,2.08,0.019831232876712,NA,NA,NA,NA,NA,terrestrial,0,LC,3.315,vertebrate,Lepus,NA,Leporidae,NA,NA,Lagomorpha,Mammalia,Gnathostomata,Chordata,Chordata,31.6439316900471
Lineus_lacteus,2,5361,152,31780,31538,242,0,-0.347045,-0.0440374,0.0232716,0.0026178,0.112489,galaxyResultLineus_lacteus,200,-0.359017,-0.334787,-0.060085,-0.027748,0.022399,0.024166,0.002479,0.002763,0.10622,0.11898,5361,19212,8044,0.313557,-0.0594468,21880,0.319047,0.0111216,18854,7900,5800,0.576642,Lineus_lacteus,Lineus_lacteus,Thisstudy,NA,NA,NA,NA,NA,NA,17.5,NA,0.02,NA,NA,NA,0.001142857142857,NA,NA,NA,NA,NA,NA,NA,NA,NA,fast,NA,ext,NA,NA,1000,2.73972602739726,NA,NA,NA,NA,NA,marine,0,NA,NA,invertebrate,Lineus,NA,Lineidae,NA,NA,Heteronemertea,Anopla,NA,Nemertea,Nemertea,0.0199999999999975
Lineus_longissimus,6,3852,106,26622,26168,446,8,-0.109293,-0.01569,0.0177877,0.0015871,0.0892245,galaxyResultLineus_longissimus,200,-0.117199,-0.101112,-0.02393,-0.007974,0.017083,0.018505,0.001492,0.001685,0.082676,0.096202,3852,12774,3217,0.171485,-0.781206,11623,0.182734,-0.569098,10253,6209,3617,0.631895,Lineus_longissimus,Lineus_longissimus,Thisstudy,NA,NA,NA,NA,NA,NA,1000,NA,0.02,NA,NA,NA,2e-05,NA,NA,NA,NA,NA,NA,NA,NA,NA,fast,NA,ext,NA,NA,10000,27.3972602739726,NA,NA,NA,NA,NA,marine,0,NA,NA,invertebrate,Lineus,NA,Lineidae,NA,NA,Heteronemertea,Anopla,NA,Nemertea,Nemertea,0.02
Lineus_ruber,2,5255,142,15669,15622,47,0,-0.241169,-0.0510394,0.00963977,0.00232305,0.240987,galaxyResultLineus_ruber2,200,-0.26441,-0.218215,-0.077626,-0.023254,0.009245,0.010047,0.002204,0.002444,0.229222,0.253435,5255,22895,6481,0.338798,0.264976,8165,0.341029,0.293652,7253,2833,1781,0.614001,Lineus_ruber2,Lineus_ruber,Thisstudy,NA,NA,NA,NA,NA,NA,5,NA,0.5,NA,NA,NA,0.1,NA,NA,NA,NA,NA,NA,NA,NA,NA,fast,NA,int,NA,NA,50,0.136986301369863,NA,NA,NA,NA,NA,marine,0,NA,NA,invertebrate,Lineus,NA,Lineidae,NA,NA,Heteronemertea,Anopla,NA,Nemertea,Nemertea,0.5
Liocarcinus_depurator,2,5252,186,23379,23218,161,0,-0.365395,-0.0504474,0.0148552,0.00126285,0.0850111,galaxyResultLiocarcinus_depurator,200,-0.375666,-0.355061,-0.062487,-0.038642,0.014264,0.015455,0.001189,0.001339,0.079721,0.090626,5252,5161,4562,0.316254,-0.0247791,17627,0.307667,-0.135149,15437,7772,4141,0.652397,Liocarcinus_depurator,Liocarcinus_depurator,Thisstudy,4,NA,1,NA,NA,NA,5.1,NA,0.129,NA,NA,NA,0.025294117647059,NA,NA,NA,NA,NA,NA,NA,NA,gonochoric,NA,1.8,int,NA,NA,230000,630.13698630137,NA,NA,NA,NA,NA,marine,0,NA,NA,invertebrate,Liocarcinus,NA,Carcinidae,Portunoidea,Pleocyemata,Decapoda,Malacostraca,NA,Arthropoda,Arthropoda,0.129000000000001
Macaca_mulatta,4,3002,116,3951,3944,7,0,-0.12138,-0.0518119,0.00395863,0.000624464,0.157748,galaxyResultMacaca_mulatta,200,-0.14251,-0.100404,-0.083157,-0.020168,0.003745,0.004184,0.000566,0.000686,0.14427,0.172045,3002,8509,1318,0.227712,-0.337032,2510,0.221962,-0.398842,2315,1231,864,0.587589,Macaca_mulatta,Macaca_mulatta,Perryetal.2012,40,NA,1231,NA,165,NA,55.5,8235,NA,1454,0.176563448694596,0.176563448694596,0.561005261430501,NA,NA,NA,NA,NA,gregarious,NA,omni,gonochoric,fast,48,int,NA,NA,1,0.002252252252252,NA,palearctioriental,NA,NA,NA,terrestrial,1,LC,3.365,vertebrate,Macaca,Cercopithecinae,Cercopithecidae,Cercopithecoidea,Haplorrhini,Primates,Mammalia,Gnathostomata,Chordata,Chordata,31.1357920093928
Melitaea_cinxia,10,4272,67,43631,42819,805,7,0.384594,0.516966,0.0342226,0.00320756,0.0937264,galaxyResultMelitaea_cinxia,200,0.371672,0.397675,0.503723,0.530338,0.033306,0.035155,0.003045,0.003372,0.088286,0.099353,4272,8429,5844,0.167465,-0.776025,20575,0.17308,-0.634848,18191,10876,6860,0.613221,Melitaea_cinxia,Melitaea_cinxia,Thisstudy,1,NA,279,NA,NA,NA,3.96,0.165,0.055610231616538,9e-05,0.000545454545455,0.000545454545455,0.014042987781954,NA,NA,NA,NA,NA,solitary,NA,herbi,gonochoric,fast,8,int,NA,NA,200,95.2380952380952,NA,NA,NA,NA,NA,terrestrial,0,LC,0.395,invertebrate,Melitaea,Nymphalinae,Nymphalidae,Papilionoidea,Glossata,Lepidoptera,Insecta,Hexapoda,Arthropoda,Arthropoda,0.0556102316165378
Melitaea_didyma,2,4181,132,28434,28178,256,0,-0.332328,-0.0144966,0.0307243,0.00349029,0.1136,galaxyResultMelitaea_didyma,200,-0.346042,-0.318727,-0.031863,0.003256,0.029702,0.031759,0.003308,0.003685,0.107603,0.119975,4181,6579,7383,0.312712,-0.0703078,19277,0.316634,-0.0198973,16935,6995,5427,0.563114,Melitaea_didyma,Melitaea_didyma,Thisstudy,1,NA,NA,NA,NA,NA,4.4,0.165,0.07133867976227,9e-05,0.000545454545455,0.000545454545455,0.016213336309607,NA,NA,NA,NA,NA,NA,NA,herbi,gonochoric,fast,8,int,NA,NA,200,95.2380952380952,NA,NA,NA,NA,NA,terrestrial,0,NE,NA,invertebrate,Melitaea,Nymphalinae,Nymphalidae,Papilionoidea,Glossata,Lepidoptera,Insecta,Hexapoda,Arthropoda,Arthropoda,0.0713386797622708
Mellicta_athalia,2,2843,130,16857,16737,120,0,-0.244213,0.0603555,0.0268667,0.00316704,0.11788,galaxyResultMellicta_athalia,200,-0.26316,-0.225178,0.038319,0.082246,0.025813,0.027918,0.002957,0.003387,0.110676,0.125227,2843,4775,4484,0.30882,-0.120318,11381,0.313307,-0.0626538,9904,4126,3265,0.558247,Mellicta_athalia,Mellicta_athalia,Thisstudy,1,NA,NA,NA,NA,NA,3.9,0.165,0.064434215609131,9e-05,0.000545454545455,0.000545454545455,0.016521593745931,NA,NA,NA,NA,NA,NA,NA,herbi,gonochoric,fast,8,int,NA,NA,200,95.2380952380952,NA,NA,NA,NA,NA,terrestrial,0,NE,NA,invertebrate,Mellicta,Nymphalinae,Nymphalidae,Papilionoidea,Glossata,Lepidoptera,Insecta,Hexapoda,Arthropoda,Arthropoda,0.0644342156091309
Mellicta_parthenoides,2,2375,111,7801,7771,30,0,-0.348418,-0.0506673,0.0164728,0.00240365,0.145917,galaxyResultMellicta_parthenoides,200,-0.37405,-0.322553,-0.087819,-0.013937,0.01561,0.017371,0.00222,0.002597,0.135347,0.156815,2375,5918,2436,0.335899,0.227685,4969,0.328235,0.129209,4325,1650,1320,0.555556,Mellicta_parthenoides,Mellicta_parthenoides,Thisstudy,1,NA,NA,NA,NA,NA,3.9,0.165,0.064434215609131,9e-05,0.000545454545455,0.000545454545455,0.016521593745931,NA,NA,NA,NA,NA,NA,NA,herbi,gonochoric,fast,8,int,NA,NA,200,95.2380952380952,NA,NA,NA,NA,NA,terrestrial,0,NE,NA,invertebrate,Mellicta,Nymphalinae,Nymphalidae,Papilionoidea,Glossata,Lepidoptera,Insecta,Hexapoda,Arthropoda,Arthropoda,0.0644342156091309
Messor_barbarus,10,9393,156,40605,40530,75,0,-0.352292,-0.334384,0.00580966,0.000529119,0.0910758,galaxyResultMessor_barbarus,200,-0.357796,-0.346847,-0.339195,-0.329449,0.005657,0.005968,0.000509,0.000549,0.087091,0.09515,9393,2862,7896,0.178226,-0.661347,21151,0.212439,-0.0684269,20455,16577,2691,0.860332,Messor_barbarus,Messor_barbarus,Thisstudy,20,NA,NA,NA,NA,NA,1.5,0.14,NA,NA,1,1,1,NA,NA,NA,NA,NA,NA,NA,herbi,gonochoric,fast,3.6,int,NA,NA,97,0.265753424657534,NA,NA,NA,NA,NA,terrestrial,0,NE,NA,invertebrate,Messor,Myrmicinae,Formicidae,Vespoidea,Aculeata,Hymenoptera,Insecta,Hexapoda,Arthropoda,Arthropoda,1.5
Microtus_arvalis,7,6463,143,35650,35368,279,3,0.298297,0.346856,0.00849582,0.00096359,0.113419,galaxyResultMicrotus_arvalis,200,0.288049,0.308693,0.336379,0.357625,0.008258,0.008741,0.00092,0.001007,0.108323,0.118615,6463,6699,6784,0.153181,-1.05047,17399,0.171281,-0.730555,16334,11887,3942,0.750975,Microtus_arvalis,Microtus_arvalis,Thisstudy,4.8,NA,38,NA,21,NA,11.366,27.5,NA,8.9,0.323636363636364,0.323636363636364,0.686571498896641,NA,NA,NA,NA,NA,NA,0.1,herbi,gonochoric,fast,13,int,NA,NA,5.1,0.076849315068493,NA,palearctic,NA,NA,NA,terrestrial,0,LC,2.915,vertebrate,Microtus,Arvicolinae,Cricetidae,NA,Sciurognathi,Rodentia,Mammalia,Gnathostomata,Chordata,Chordata,7.80357165645922
Monodelphis_domestica,4,4197,111,2843,2834,9,0,0.0888435,0.145284,0.00246868,0.000382924,0.155113,galaxyResultMonodelphis_domestica,200,0.056379,0.121121,0.104838,0.18595,0.002312,0.002632,0.000343,0.000424,0.139699,0.172051,4197,11232,1005,0.266045,0.17641,1776,0.284136,0.484932,1657,803,522,0.606038,Monodelphis_domestica,Monodelphis_domestica,Perryetal.2012,5.1,NA,122,NA,NA,NA,12.5,105,20.3,20.3,0.193333333333333,0.193333333333333,0.578232165021555,NA,NA,NA,NA,NA,NA,NA,omni,gonochoric,fast,11.3,int,NA,NA,9,0.098630136986301,NA,NA,NA,NA,NA,terrestrial,0,LC,NA,vertebrate,Monodelphis,Didelphinae,Didelphidae,NA,NA,Didelphimorphia,Mammalia,Gnathostomata,Chordata,Chordata,7.22790206276944
Mus_musculus,4,4265,101,4926,4918,8,0,-0.184233,-0.119377,0.00446122,0.000601295,0.134783,galaxyResultMus_musculus,200,-0.203026,-0.165059,-0.143548,-0.095263,0.004229,0.004698,0.00055,0.000653,0.123903,0.146013,4265,9897,1518,0.237154,-0.157324,3270,0.243119,-0.0402781,3045,1613,1118,0.590626,Mus_musculus,Mus_musculus,Perryetal.2012,4,NA,42,NA,19,NA,8,20.5,NA,8.9,0.434146341463415,0.434146341463415,0.757202516314724,NA,NA,NA,NA,NA,NA,NA,omni,gonochoric,fast,13,int,NA,NA,7,0.103561643835616,NA,palearctic,NA,NA,NA,terrestrial,1,LC,3.28833333333333,vertebrate,Mus,Murinae,Muridae,NA,Sciurognathi,Rodentia,Mammalia,Gnathostomata,Chordata,Chordata,6.05762013051779
Mytilus_californianus,2,7680,165,43110,42761,349,0,-0.324908,-0.0105272,0.0197862,0.00248757,0.125722,galaxyResultMytilus_californianus,200,-0.334506,-0.315251,-0.024423,0.00366,0.019282,0.020309,0.00239,0.002584,0.120722,0.130821,7680,13150,12193,0.30862,-0.122905,28312,0.310866,-0.0940292,23429,9420,8293,0.531813,Mytilus_californianus,Mytilus_californianus,Thisstudy,25,NA,NA,NA,NA,NA,7.5,37.5,0.01,5.23333333e-07,2.68537e-10,1.3955556e-08,0.001333333333333,NA,NA,NA,NA,NA,NA,NA,detri,gonochoric,fix,0,ext,NA,NA,4e+07,109589.04109589,NA,NA,NA,NA,NA,marine,0,NE,1.755,invertebrate,Mytilus,Mytilinae,Mytilidae,Mytiloidea,NA,Mytiloida,Bivalvia,NA,Mollusca,Mollusca,0.0099999999999975
Mytilus_edulis,4,6600,100,51728,50432,1278,18,-0.130806,0.0186252,0.0339066,0.0024297,0.0716585,galaxyResultMytilus_edulis,200,-0.137208,-0.124336,0.010604,0.026807,0.033159,0.034678,0.002328,0.002533,0.068499,0.074878,6600,29579,9387,0.193685,-0.805804,38063,0.209882,-0.547093,31666,15978,13684,0.538669,Mytilus_edulis,Mytilus_edulis,Thisstudy,25,1.5,547.5,planktotrophic,NA,NA,7.5,37.5,0.01,5.23333333e-07,2.37037e-09,1.3955556e-08,0.001333333333333,NA,NA,NA,10,10000,gregarious,NA,detri,gonochoric,fix,0,ext,NA,NA,4e+07,109589.04109589,NA,NA,NA,NA,NA,marine,0,NE,1.63666666666667,invertebrate,Mytilus,Mytilinae,Mytilidae,Mytiloidea,NA,Mytiloida,Bivalvia,NA,Mollusca,Mollusca,0.0099999999999975
Mytilus_galloprovincialis,6,8561,81,74366,72289,2016,61,-0.0348511,0.0723712,0.0334238,0.00225418,0.0674425,galaxyResultMytilus_galloprovincialis,200,-0.041304,-0.028233,0.065014,0.079813,0.032698,0.03415,0.00217,0.002341,0.064672,0.070266,8561,22874,7706,0.171252,-0.775709,36046,0.187242,-0.495116,30010,15374,13440,0.53356,Mytilus_galloprovincialis,Mytilus_galloprovincialis,Thisstudy,25,NA,NA,NA,NA,NA,7.5,37.5,0.01,5.23333333e-07,2.68537e-10,1.3955556e-08,0.001333333333333,NA,NA,NA,NA,NA,NA,NA,detri,gonochoric,fix,0,ext,NA,NA,4e+07,109589.04109589,NA,NA,NA,NA,NA,marine,1,NE,1.665,invertebrate,Mytilus,Mytilinae,Mytilidae,Mytiloidea,NA,Mytiloida,Bivalvia,NA,Mollusca,Mollusca,0.0099999999999975
Mytilus_trossulus,2,9892,130,136411,133997,2408,6,-0.302126,0.00916614,0.0692141,0.00570083,0.0823651,galaxyResultMytilus_trossulus,200,-0.310561,-0.293331,-0.000667,0.019258,0.068258,0.070164,0.005568,0.005837,0.080107,0.084666,9892,18637,25952,0.314147,-0.0518583,98673,0.305742,-0.159896,80174,30926,31231,0.497547,Mytilus_trossulus,Mytilus_trossulus,Thisstudy,25,NA,NA,NA,NA,NA,7.5,37.5,0.01,5.23333333e-07,2.68537e-10,1.3955556e-08,0.001333333333333,NA,NA,NA,NA,NA,NA,NA,detri,gonochoric,fix,0,ext,NA,NA,4e+07,109589.04109589,NA,NA,NA,NA,NA,marine,0,NE,1.4,invertebrate,Mytilus,Mytilinae,Mytilidae,Mytiloidea,NA,Mytiloida,Bivalvia,NA,Mollusca,Mollusca,0.0099999999999975
Necora_puber,8,9233,168,34965,34721,242,2,-0.0939942,-0.0107796,0.00591197,0.000522356,0.0883556,galaxyResultNecora_puber,200,-0.100326,-0.087457,-0.017263,-0.0044,0.005716,0.006114,0.000497,0.000547,0.08376,0.093038,9233,5548,4226,0.162885,-0.939952,14547,0.174905,-0.708991,13469,9417,3580,0.724531,Necora_puber,Necora_puber,Thisstudy,10,NA,NA,NA,NA,NA,6,90,0.18,NA,NA,NA,0.03,NA,NA,NA,NA,NA,NA,NA,omni,gonochoric,fast,1.8,int,NA,NA,4e+05,1095.8904109589,NA,NA,NA,NA,NA,marine,0,NE,NA,invertebrate,Necora,NA,Carcinidae,Portunoidea,Pleocyemata,Decapoda,Malacostraca,NA,Arthropoda,Arthropoda,0.18
Nycticebus_coucang,4,3189,88,2266,2264,2,0,-0.128613,-0.111488,0.0027635,0.000515373,0.186493,galaxyResultNycticebus_coucang,200,-0.155075,-0.101145,-0.156453,-0.067267,0.002554,0.002982,0.000459,0.000575,0.166785,0.208152,3189,11357,871,0.245264,-0.14314,1337,0.241305,-0.184091,1265,660,403,0.620884,Nycticebus_coucang,Nycticebus_coucang,Perryetal.2012,25.8,NA,578,NA,188,NA,30,890.5,NA,520,0.583941605839416,0.583941605839416,0.835839978872277,NA,NA,NA,NA,NA,NA,NA,omni,gonochoric,fast,NA,int,NA,monogamous,1,0.002739726027397,NA,palearctic,NA,NA,NA,terrestrial,0,VU,3.58,vertebrate,Nycticebus,NA,Lorisidae,NA,Strepsirrhini,Primates,Mammalia,Gnathostomata,Chordata,Chordata,25.0751993661683
Ophioderma_longicauda_L1,5,1407,90,7401,7311,90,0,-0.115926,-0.00911235,0.0161113,0.0028924,0.179526,galaxyResultOphioderma_longicauda_L1,200,-0.131689,-0.099535,-0.026435,0.008384,0.01507,0.017178,0.002668,0.003127,0.16405,0.196429,1407,12569,2578,0.16986,-0.992068,4198,0.184755,-0.70129,3747,2096,1486,0.585148,Ophioderma_longicauda_L1,Ophioderma_longicauda,Thisstudy,NA,NA,NA,NA,NA,NA,1.53,2.18,0.02,NA,NA,NA,0.013071895424837,NA,NA,NA,NA,NA,NA,NA,NA,NA,NA,0.36,NA,NA,NA,1500,4.10958904109589,NA,NA,NA,NA,NA,marine,0,NA,NA,invertebrate,Ophioderma,Ophiodermatinae,Ophiodermatidae,NA,Ophiurina,Ophiurida,Ophiuroidea,Asterozoa,Echinodermata,Echinodermata,0.0200000000000006
Ophioderma_longicauda_L3,2,6688,147,18513,18461,52,0,-0.445148,-0.279878,0.00839587,0.00223977,0.26677,galaxyResultOphioderma_longicauda_L3,200,-0.468303,-0.42065,-0.310114,-0.249288,0.007976,0.008827,0.002124,0.002358,0.254024,0.280178,6688,14078,8079,0.353695,0.456448,9040,0.356582,0.493559,7983,2381,2194,0.520437,Ophioderma_longicauda_L3,Ophioderma_longicauda,Thisstudy,NA,NA,NA,NA,NA,NA,1.23,1.07,0.18,NA,NA,NA,0.146341463414634,NA,NA,NA,NA,NA,NA,NA,NA,NA,NA,0.36,NA,NA,NA,1048,2.87123287671233,NA,NA,NA,NA,NA,marine,0,NA,NA,invertebrate,Ophioderma,Ophiodermatinae,Ophiodermatidae,NA,Ophiurina,Ophiurida,Ophiuroidea,Asterozoa,Echinodermata,Echinodermata,0.18
Ostrea_chilensis,2,2436,103,4068,4058,10,0,-0.487414,-0.258004,0.00652548,0.00212351,0.325419,galaxyResultOstrea_chilensis,200,-0.515571,-0.458623,-0.306411,-0.207696,0.005965,0.007118,0.001916,0.002342,0.294031,0.358996,2436,4027,1941,0.353812,0.457867,1784,0.345572,0.351962,1602,536,466,0.53493,Ostrea_chilensis,Ostrea_chilensis,Thisstudy,34,NA,NA,NA,NA,NA,11,267.907623059048,0.045,4.768875e-05,2.1236231e-08,1.78004453e-07,0.004090909090909,NA,NA,NA,NA,NA,NA,NA,detri,hermaphrodite,fix,0,int,NA,NA,152000,416.438356164384,NA,NA,NA,NA,NA,marine,0,NA,NA,invertebrate,Ostrea,NA,Ostreidae,Ostreoidea,NA,Ostreoida,Bivalvia,NA,Mollusca,Mollusca,0.044999999999999
Ostrea_edulis,10,2465,67,5570,5546,24,0,-0.061967,-0.000708434,0.00529649,0.000940557,0.177581,galaxyResultOstrea_edulis,200,-0.080045,-0.044187,-0.021812,0.020398,0.004957,0.005654,0.000847,0.00104,0.158781,0.19831,2465,3354,1529,0.19111,-0.429405,2167,0.203408,-0.217328,1980,1186,694,0.630924,Ostrea_edulis,Ostrea_edulis,Thisstudy,34,NA,1460,planktotrophic,NA,NA,11,267.907623059048,0.018,3.05208e-06,4.381668e-09,1.1392285e-08,0.001636363636364,NA,NA,NA,0,10000,gregarious,NA,detri,hermaphrodite,fix,0,int,NA,NA,2e+06,5479.45205479452,NA,NA,NA,NA,NA,marine,1,NE,1.17,invertebrate,Ostrea,NA,Ostreidae,Ostreoidea,NA,Ostreoida,Bivalvia,NA,Mollusca,Mollusca,0.018000000000004
Ostreola_stentina,2,1539,85,4624,4587,37,0,-0.358735,-0.0619183,0.0206275,0.0026217,0.127097,galaxyResultOstreola_stentina,200,-0.385704,-0.331379,-0.102858,-0.022123,0.019311,0.022001,0.002368,0.00289,0.115042,0.139725,1539,2421,1276,0.319945,0.0226561,3031,0.32646,0.106387,2717,1191,710,0.626512,Ostreola_stentina,Ostreola_stentina,Thisstudy,NA,NA,NA,NA,NA,NA,3.90275,13.0655012773567,0.014,NA,NA,NA,0.003587214143873,NA,NA,NA,NA,NA,NA,NA,detri,hermaphrodite,fix,0,int,NA,NA,NA,NA,NA,NA,NA,NA,NA,marine,0,NE,NA,invertebrate,Ostreola,NA,Ostreidae,Ostreoidea,NA,Ostreoida,Bivalvia,NA,Mollusca,Mollusca,0.0140000000000004
Pan_troglodytes,4,2965,104,4708,4703,5,0,-0.0905543,-0.0472216,0.00425055,0.000832298,0.19581,galaxyResultPan_troglodytes,200,-0.108225,-0.072135,-0.076526,-0.018874,0.004008,0.004502,0.000753,0.000915,0.179291,0.213859,2965,7754,1751,0.185465,-0.976298,2762,0.175733,-1.13296,2524,1336,1046,0.560873,Pan_troglodytes,Pan_troglodytes,Perryetal.2012,59.4,NA,3376,NA,229,NA,79.609,44984,NA,8500,0.188956073270496,0.188956073270496,0.573834891698721,NA,NA,NA,NA,NA,gregarious,NA,omni,gonochoric,fast,NA,int,NA,NA,1,0.002739726027397,NA,NA,NA,NA,NA,terrestrial,0,EN,3.625,vertebrate,Pan,Homininae,Hominidae,Hominoidea,Haplorrhini,Primates,Mammalia,Gnathostomata,Chordata,Chordata,45.6824218932435
Parus_caeruleus,10,1856,69,4893,4876,17,0,-0.0421463,0.0287238,0.00534488,0.000737193,0.137925,galaxyResultParus_caeruleus,200,-0.053875,-0.030367,0.014163,0.043116,0.004985,0.005715,0.000666,0.000809,0.122844,0.153806,1856,2040,1345,0.118664,-1.70855,1889,0.180501,-0.597998,1747,1053,625,0.627522,Parus_caeruleus,Parus_caeruleus,Thisstudy,14.6,NA,365,NA,NA,NA,11.5,10.3,NA,10.3,1,1,1,NA,NA,NA,NA,NA,NA,NA,NA,gonochoric,fast,29,int,NA,NA,9,0.024657534246575,NA,NA,NA,NA,NA,terrestrial,0,LC,1.47,vertebrate,Parus,NA,Paridae,NA,NA,Passeriformes,Aves,Gnathostomata,Chordata,Chordata,11.5
Pectinaria_koreni_nord,6,804,60,2300,2268,32,0,-0.0850937,-0.00263137,0.0132779,0.000738225,0.0555981,galaxyResultPectinaria_koreni_nord,200,-0.106394,-0.062356,-0.025793,0.020995,0.011994,0.014605,0.000614,0.00087,0.045811,0.066449,804,3686,178,0.15309,-1.09943,1102,0.154719,-1.06794,976,647,296,0.686108,Pectinaria_koreni_nord,Pectinaria_koreni,Thisstudy,1.41666666666667,NA,150,planktotrophic,NA,NA,2.5,0.2579,0.00625,1.27766927e-07,1.5625e-08,4.95412668e-07,0.0025,0.000155098875533,NA,NA,NA,NA,NA,1000,detri,gonochoric,slow,0,ext,NA,NA,430000,1178.08219178082,NA,palearctic,NA,NA,NA,marine,0,NE,1.35,invertebrate,Pectinaria,NA,Pectinariidae,NA,NA,Terebellida,Polychaeta,NA,Annelida,Annelida,0.00625
Pectinaria_koreni_sud,2,2029,72,8938,8753,183,2,-0.333989,0.0110392,0.0438453,0.00201947,0.0460589,galaxyResultPectinaria_koreni_sud,200,-0.350772,-0.316231,-0.00802,0.029975,0.041898,0.045978,0.00182,0.002239,0.041273,0.051439,2029,1827,1121,0.311552,-0.0851763,7381,0.303245,-0.191984,6325,3156,1843,0.631326,Pectinaria_koreni_sud,Pectinaria_koreni,Thisstudy,1.41666666666667,NA,150,planktotrophic,NA,NA,2.5,0.2579,0.00625,1.27766927e-07,7.2337963e-08,4.95412668e-07,0.0025,NA,NA,NA,NA,NA,NA,1000,detri,gonochoric,slow,0,ext,NA,NA,430000,1178.08219178082,NA,palearctic,NA,NA,NA,marine,0,NE,1.35,invertebrate,Pectinaria,NA,Pectinariidae,NA,NA,Terebellida,Polychaeta,NA,Annelida,Annelida,0.00625
Pheidole_pallidula,4,9121,356,28221,28194,27,0,0.360166,0.345536,0.00309237,0.000530746,0.171631,galaxyResultPheidole_pallidula,200,0.347545,0.372605,0.323917,0.366419,0.003017,0.003167,0.000508,0.000554,0.165167,0.178134,9121,3976,10188,0.235718,-0.15149,17175,0.231907,-0.156599,16526,9825,5206,0.653649,Pheidole_pallidula,Pheidole_pallidula,Thisstudy,20,NA,NA,NA,NA,NA,0.8,0.03,NA,NA,NA,NA,1,NA,NA,NA,NA,NA,NA,NA,NA,gonochoric,fast,3.6,int,NA,NA,445,1.21917808219178,NA,NA,NA,NA,NA,terrestrial,0,NE,NA,invertebrate,Pheidole,Myrmicinae,Formicidae,Vespoidea,Aculeata,Hymenoptera,Insecta,Hexapoda,Arthropoda,Arthropoda,0.8
Physa_acuta,9,3107,84,39251,37872,1347,32,0.135501,0.233858,0.0317507,0.00226422,0.0713124,galaxyResultPhysa_acuta,200,0.123425,0.14773,0.221019,0.24709,0.030379,0.033155,0.002105,0.002429,0.066672,0.076283,3107,5105,4159,0.171598,-0.737943,18611,0.188744,-0.437758,16005,9398,5998,0.610438,Physa_acuta,Physa_acuta,Thisstudy,1.5,NA,30.72,NA,11,NA,0.85,0.0095,0.05,6.5416666667e-05,0.000203541624262,0.006885964912281,0.058823529411765,NA,NA,NA,NA,NA,NA,NA,detri,hermaphrodite,slow,0.004056,int,NA,33.9,100,14.2465753424658,NA,nearctic,NA,NA,NA,fresh,1,NE,1.2,invertebrate,Physa,NA,Physidae,Planorboidea,NA,NA,Gastropoda,NA,Mollusca,Mollusca,0.0500000000000003
Physa_gyrina,2,2368,115,9095,9023,72,0,0.101027,0.370746,0.0203538,0.00235481,0.115694,galaxyResultPhysa_gyrina,200,0.065969,0.135972,0.334154,0.407275,0.0192,0.021583,0.002156,0.002559,0.106714,0.125192,2368,8246,2260,0.341925,0.305117,6159,0.350057,0.409681,5317,1907,1266,0.601009,Physa_gyrina,Physa_gyrina,Thisstudy,1.5,NA,NA,NA,NA,NA,1.55,0.0095,0.05,6.5416666667e-05,2.9233751e-08,0.006885964912281,0.032258064516129,NA,NA,NA,NA,NA,NA,NA,detri,hermaphrodite,slow,0.004056,int,NA,33.9,100,14.2465753424658,NA,NA,NA,NA,NA,fresh,0,NE,NA,invertebrate,Physa,NA,Physidae,Planorboidea,NA,NA,Gastropoda,NA,Mollusca,Mollusca,0.0499999999999999
Propithecus_coquereli,4,2706,102,6305,6284,21,0,-0.183805,-0.0948692,0.00850132,0.000985595,0.115934,galaxyResultPropithecus_coquereli,200,-0.197549,-0.169936,-0.114067,-0.076021,0.008071,0.008937,9e-04,0.001073,0.106648,0.125903,2706,8407,1756,0.20131,-0.730927,4333,0.211718,-0.523601,4005,2388,1333,0.641763,Propithecus_coquereli,Propithecus_coquereli,Perryetal.2012,31,NA,1405.25,NA,106.033333333333,NA,46.25,4000,NA,NA,0,0,NA,NA,NA,NA,NA,NA,NA,NA,herbi,gonochoric,fast,NA,int,NA,NA,1,0.002739726027397,NA,ethiopian,NA,NA,NA,terrestrial,0,EN,NA,vertebrate,Propithecus,NA,Indriidae,NA,Strepsirrhini,Primates,Mammalia,Gnathostomata,Chordata,Chordata,NA
Reticulitermes_flavipes,2,16442,182,16928,16909,19,0,-0.250408,-0.00815044,0.00255644,0.000614588,0.240408,galaxyResultReticulitermes_flavipes,200,-0.267017,-0.233824,-0.027721,0.010688,0.00248,0.002633,0.000592,0.000637,0.231388,0.249906,16442,3339,7417,0.335816,0.226655,9119,0.332931,0.189576,8088,2610,2796,0.482797,Reticulitermes_flavipes,Reticulitermes_flavipes,Thisstudy,30,NA,NA,NA,NA,NA,4.75,0.0155,NA,0.0155,1,1,1,1,NA,NA,NA,NA,NA,NA,detri,gonochoric,fast,2.48832,int,NA,NA,10000,2.73972602739726,NA,NA,NA,NA,NA,terrestrial,0,NE,NA,invertebrate,Reticulitermes,Heterotermitinae,Rhinotermitidae,NA,NA,Isoptera,Insecta,Hexapoda,Arthropoda,Arthropoda,4.75
Reticulitermes_grassei,9,8412,119,8379,8366,13,0,0.212055,0.261382,0.00112279,0.000232282,0.206878,galaxyResultReticulitermes_grassei,200,0.194938,0.229627,0.244998,0.277869,0.001055,0.001189,0.000216,0.000248,0.190513,0.224604,8412,11867,2652,0.197714,-0.319481,3348,0.213003,-0.0305115,3030,1449,1443,0.500941,Reticulitermes_grassei,Reticulitermes_grassei,Thisstudy,30,NA,NA,NA,NA,NA,4.75,0.0155,NA,0.0155,1,1,1,1,NA,NA,NA,NA,NA,NA,detri,gonochoric,fast,2.48832,int,NA,NA,10000,2.73972602739726,NA,palearctic,NA,NA,NA,terrestrial,0,NE,1.02666666666667,invertebrate,Reticulitermes,Heterotermitinae,Rhinotermitidae,NA,NA,Isoptera,Insecta,Hexapoda,Arthropoda,Arthropoda,4.75
Reticulitermes_lucifugus,2,16378,174,8804,8799,5,0,0.0253432,0.15464,0.00121422,0.000420717,0.346492,galaxyResultReticulitermes_lucifugus,200,-0.004188,0.054044,0.123233,0.185143,0.001158,0.001271,4e-04,0.000442,0.329655,0.364452,16378,3628,4651,0.367502,0.633877,3880,0.370941,0.678062,3450,826,957,0.463264,Reticulitermes_lucifugus,Reticulitermes_lucifugus,Thisstudy,30,NA,NA,NA,NA,NA,4.75,0.0155,NA,0.0155,1,1,1,1,NA,NA,NA,NA,NA,NA,detri,gonochoric,fast,2.48832,int,NA,NA,10000,2.73972602739726,NA,NA,NA,NA,NA,terrestrial,0,NE,NA,invertebrate,Reticulitermes,Heterotermitinae,Rhinotermitidae,NA,NA,Isoptera,Insecta,Hexapoda,Arthropoda,Arthropoda,4.75
Sepia_officinalis,9,6664,115,7393,7384,9,0,0.127994,0.233154,0.00212886,0.000198153,0.0930791,galaxyResultSepia_officinalis,200,0.112295,0.14382,0.217432,0.248669,0.002023,0.002234,0.000183,0.000213,0.085122,0.101265,6664,6699,1444,0.185783,-0.508909,3745,0.220262,0.0698005,3462,1964,1292,0.603193,Sepia_officinalis,Sepia_officinalis,Thisstudy,2,NA,480,NA,60,NA,22,1000,2,0.811666666666667,0.000125,0.000811666666667,0.090909090909091,0.125,NA,NA,NA,NA,NA,NA,carni,gonochoric,fast,2.34,int,NA,NA,550,2.2,NA,palearctic,NA,NA,NA,marine,0,NE,4.5,invertebrate,Sepia,NA,Sepiidae,NA,Sepiina,Sepiida,Cephalopoda,NA,Mollusca,Mollusca,2
Thymelicus_lineola,5,9800,174,127668,125718,1931,19,-0.043642,0.0625979,0.0316444,0.00157949,0.0499137,galaxyResultThymelicus_lineola,200,-0.050551,-0.036262,0.05649,0.068874,0.031128,0.032151,0.001527,0.001633,0.048152,0.051813,9800,10080,17813,0.189558,-0.636421,103396,0.20974,-0.305479,92070,57793,28798,0.667425,Thymelicus_lineola,Thymelicus_lineola,Thisstudy,1,NA,NA,NA,NA,NA,2.6,NA,0.077115962121153,NA,NA,NA,0.029659985431213,NA,NA,NA,NA,NA,NA,NA,herbi,gonochoric,fast,8,int,NA,NA,99,13.2,NA,NA,NA,NA,NA,terrestrial,0,NE,NA,invertebrate,Thymelicus,Hesperiinae,Hesperiidae,Hesperioidea,Glossata,Lepidoptera,Insecta,Hexapoda,Arthropoda,Arthropoda,0.0771159621211538
Thymelicus_sylvestris,7,13262,164,171934,169420,2492,22,0.0382002,0.0931063,0.0227798,0.00148765,0.0653053,galaxyResultThymelicus_sylvestris,200,0.031069,0.0454,0.087967,0.098277,0.022421,0.023143,0.001447,0.001528,0.063395,0.067286,13262,6477,23022,0.169095,-0.802922,100154,0.200874,-0.262709,87718,55079,28567,0.658479,Thymelicus_sylvestris,Thymelicus_sylvestris,Thisstudy,1,NA,NA,NA,NA,NA,2.72,NA,0.089881104304194,NA,NA,NA,0.033044523641248,NA,NA,NA,NA,NA,NA,NA,herbi,gonochoric,fast,8,int,NA,NA,99,13.2,NA,NA,NA,NA,NA,terrestrial,0,NE,NA,invertebrate,Thymelicus,Hesperiinae,Hesperiidae,Hesperioidea,Glossata,Lepidoptera,Insecta,Hexapoda,Arthropoda,Arthropoda,0.0898811043041946
Trachemys_scripta,2,2124,112,4171,4151,20,0,-0.392341,-0.117794,0.00909918,0.00154465,0.169758,galaxyResultTrachemys_scripta,200,-0.414928,-0.369913,-0.154587,-0.080679,0.008517,0.009723,0.001373,0.001733,0.15165,0.189574,2124,5094,1390,0.329317,0.14307,2556,0.323455,0.0677617,2360,1031,640,0.616996,Trachemys_scripta,Trachemys_scripta,Thisstudy,41.3,NA,2920,NA,75,NA,20.7,240,3.385,NA,0.0056,NA,0.163526570048309,0.02504,NA,NA,NA,NA,NA,NA,NA,NA,NA,0.3,int,NA,NA,19,0.082191780821918,NA,NA,NA,NA,NA,terrestrial,1,LC,NA,vertebrate,Trachemys,NA,Emydidae,Testudinoidea,Cryptodira,Testudines,NA,Gnathostomata,Chordata,Chordata,3.385
Tripylus_abatoides,2,2422,158,7969,7951,18,0,-0.463959,-0.358924,0.0087074,0.00264682,0.303974,galaxyResultTripylus_abatoides,200,-0.495674,-0.431619,-0.398545,-0.318981,0.008022,0.009415,0.002425,0.002875,0.283391,0.325811,2422,5755,3568,0.362038,0.563631,3728,0.361052,0.550962,3368,1195,699,0.63094,Tripylus_abatoides,Tripylus_abatoides,Thisstudy,NA,NA,NA,NA,NA,NA,3.8,NA,0.2,NA,NA,NA,0.052631578947368,NA,NA,NA,NA,NA,NA,NA,NA,NA,NA,2.0833333333e-05,int,NA,NA,NA,NA,NA,NA,NA,NA,NA,marine,0,NA,NA,invertebrate,Tripylus,NA,Schizasteridae,NA,NA,Spatangoida,Echinoidea,Echinozoa,Echinodermata,Echinodermata,0.199999999999998
Tupaia_belangeri,4,4256,93,5086,5075,11,0,-0.152089,-0.0690509,0.00547476,0.000609398,0.111311,galaxyResultTupaia_belangeri,200,-0.170181,-0.132954,-0.090088,-0.047782,0.005232,0.005723,0.000562,0.000658,0.102423,0.120607,4256,18902,1388,0.251531,0.0360185,3565,0.250175,0.0604713,3323,1753,1194,0.594842,Tupaia_belangeri,Tupaia_belangeri,Perryetal.2012,11.1,NA,90,NA,46,NA,18.5,200,NA,NA,0.5,0.5,0.5,NA,NA,NA,NA,NA,NA,NA,omni,gonochoric,fast,20,int,NA,NA,2,0.020547945205479,NA,oriental,NA,NA,NA,terrestrial,0,LC,3.55,vertebrate,Tupaia,NA,Tupaiidae,NA,NA,Scandentia,Mammalia,Gnathostomata,Chordata,Chordata,9.25
Varecia_variegata_variegata,4,2679,96,4761,4745,16,0,-0.0558055,0.00770334,0.00639743,0.000802584,0.125454,galaxyResultVarecia_variegata_variegata,200,-0.075789,-0.035624,-0.020921,0.036403,0.006059,0.006738,0.000731,0.000876,0.114384,0.137026,2679,9090,1326,0.204751,-0.67824,3256,0.192337,-0.848047,2989,1637,1152,0.586949,Varecia_variegata_variegata,Varecia_variegata,Perryetal.2012,37,NA,604,NA,99,NA,54.735,3670,NA,2893,0.788283378746594,0.788283378746594,0.923763481948411,NA,NA,NA,NA,NA,NA,NA,herbi,gonochoric,fast,20,int,NA,NA,2.2,0.006027397260274,NA,ethiopian,NA,NA,NA,terrestrial,0,CR,NA,vertebrate,Varecia,NA,Lemuridae,NA,Strepsirrhini,Primates,Mammalia,Gnathostomata,Chordata,Chordata,50.5621941844463
